{
  "city": {
    "precision": 1.0,
    "recall": 1.0,
    "f1-score": 1.0,
    "support": 134
  },
  "country": {
    "precision": 0.9934640522875817,
    "recall": 0.9967213114754099,
    "f1-score": 0.9950900163666122,
    "support": 305
  },
  "micro avg": {
    "precision": 0.9954545454545455,
    "recall": 0.9977220956719818,
    "f1-score": 0.9965870307167236,
    "support": 439
  },
  "macro avg": {
    "precision": 0.9967320261437909,
    "recall": 0.9983606557377049,
    "f1-score": 0.9975450081833062,
    "support": 439
  },
  "weighted avg": {
    "precision": 0.9954590796075454,
    "recall": 0.9977220956719818,
    "f1-score": 0.9965887357444572,
    "support": 439
  }
}