{
  "city": {
    "precision": 1.0,
    "recall": 1.0,
    "f1-score": 1.0,
    "support": 134
  },
  "country": {
    "precision": 1.0,
    "recall": 0.9967213114754099,
    "f1-score": 0.9983579638752053,
    "support": 305
  },
  "micro avg": {
    "precision": 1.0,
    "recall": 0.9977220956719818,
    "f1-score": 0.9988597491448118,
    "support": 439
  },
  "macro avg": {
    "precision": 1.0,
    "recall": 0.9983606557377049,
    "f1-score": 0.9991789819376027,
    "support": 439
  },
  "weighted avg": {
    "precision": 1.0,
    "recall": 0.9977220956719818,
    "f1-score": 0.9988591776353931,
    "support": 439
  }
}